transcript_id	counter_id	intron_pos_dist	n_intron	counter_n_intron
cons_00000021	cons_00000001	0	3	3
cons_00000002	cons_00000004	10802	2	2
cons_00000003	cons_00000021	0	1	2
cons_00000004	cons_00000001	661	3	4
cons_00000005	cons_00000004	104	2	3
cons_00000006	cons_00000004	291	1	1
cons_00000007	cons_00000008	62	1	1
cons_00000008	cons_00000007	62	1	1
cons_00000009	cons_00000008	291	1	1
cons_00000011	cons_00000013	147	11	11
cons_00000012	cons_00000014	0	9	10
cons_00000013	cons_00000011	147	11	11
cons_00000014	cons_00000015	612	10	10
cons_00000015	cons_00000013	0	10	10
cons_00000016	cons_00000010	0	3	3
cons_00000018	cons_00000010	0	3	7
cons_00000020	cons_00000010	467	2	3
cons_00000019	cons_00000011	752	3	7
cons_00000022	cons_00000010	0	1	3
